[
    {
        "ip": "::1",
        "user": "prova@gmail.com",
        "time": "2022-11-01 21:50:01",
        "status": "signup_correcte"
    },
    {
        "ip": "::1",
        "user": "prova@gmail.com",
        "time": "2022-11-01 21:50:06",
        "status": "logoff"
    },
    {
        "ip": "::1",
        "user": "prova@gmail.com",
        "time": "2022-11-01 21:50:14",
        "status": "creacio_fallida_usuari_existent"
    },
    {
        "ip": "::1",
        "user": "prova312@gmail.com",
        "time": "2022-11-01 21:50:40",
        "status": "signin_contrasenya_incorrecte"
    },
    {
        "ip": "::1",
        "user": "prova312@gmail.com",
        "time": "2022-11-01 21:50:47",
        "status": "signin_usuari_inexistent"
    },
    {
        "ip": "::1",
        "user": "prova@gmail.com",
        "time": "2022-11-01 21:50:52",
        "status": "signin_correcte"
    },
    {
        "ip": "::1",
        "user": "prova@gmail.com",
        "time": "2022-11-01 21:51:16",
        "status": "logoff"
    },
    {
        "ip": "::1",
        "user": "prova3@gmail.com",
        "time": "2022-11-01 21:51:23",
        "status": "signup_correcte"
    },
    {
        "ip": "::1",
        "user": "prova3@gmail.com",
        "time": "2022-11-01 21:51:31",
        "status": "logoff"
    }
]